timestamp,main_commit,files,blank_lines,comment_lines,code_lines,excluded_extensions,excluded_directories
2021-02-01,a450d15,11,47,27,162,json,.git;node_modules;dist;build
2021-08-01,a3c2907,47,402,96,3247,json,.git;node_modules;dist;build
2022-02-01,0ceeb36,58,487,197,3642,json,.git;node_modules;dist;build
2022-08-01,731ee5b,58,488,197,3651,json,.git;node_modules;dist;build
2023-02-01,ed716c3,58,489,186,3706,json,.git;node_modules;dist;build
2023-08-01,3872091,58,481,188,3683,json,.git;node_modules;dist;build
2024-02-01,44efdba,100,718,346,5100,json,.git;node_modules;dist;build
2024-08-01,2bf42bb,131,990,416,6338,json,.git;node_modules;dist;build
2025-02-01,0ce7e5b,182,1313,470,8371,json,.git;node_modules;dist;build
2025-08-01,f33f074,182,1313,470,8371,json,.git;node_modules;dist;build
2026-02-01,3853b64,194,1875,2892,10945,json,.git;node_modules;dist;build
2026-08-01,9829286,195,2151,2721,12355,json,.git;node_modules;dist;build
2026-09-02,98b5f23,245,3071,2780,18446,json,.git;node_modules;dist;build
