timestamp,branch,commit,normal_code_lines,test_code_lines,overall_code_lines
2021-02-01,main,a450d15,155,7,162
2021-08-01,main,a3c2907,3240,7,3247
2022-02-01,main,0ceeb36,3635,7,3642
2022-08-01,main,731ee5b,3644,7,3651
2023-02-01,main,ed716c3,3699,7,3706
2023-08-01,main,3872091,3676,7,3683
2024-02-01,main,44efdba,5093,7,5100
2024-08-01,main,2bf42bb,6331,7,6338
2025-02-01,main,0ce7e5b,8364,7,8371
2025-08-01,main,f33f074,8364,7,8371
2026-02-01,main,3853b64,10938,7,10945
2026-08-01,main,9829286,12355,0,12355
2026-09-02,main,98b5f23,14619,3827,18446
2026-09-03,dev,f1b9c62,16154,4952,21106
2026-10-04,dev,61c684e,18375,7276,25651
